{
  "id": 11,
  "mode": "paper",
  "pair": "XRPUSDT",
  "direction": -1,
  "entry_ts": 1737728545,
  "entry_type": "market",
  "entry_price": 3.1843,
  "initial_tp": 3.16678635,
  "initial_sl": 3.2002214999999996,
  "exit_time": 1737728689,
  "exit_type": "sl",
  "pnl": -2.4961961029373096
}